Africa,Algeria,Algiers 
Africa,Angola,Luanda 
Africa,Benin,Porto-Novo
Africa,Botswana,Gaborone 
Africa,Burkina Faso,Ouagadougou 
Africa,Burundi,Bujumbura 
Africa,Cape Verde,Praia 
Africa,Central African Republic,Bangui 
Africa,Chad,N'Djamena 
Africa,Comoros,Moroni 
Africa,D.R Congo,Kinshasa 
Africa,Djibouti,Djibouti-city
Africa,Egypt,Cairo 
Africa,Equatorial Guinea,Malabo 
Africa,Eritrea,Asmara 
Africa,Ethiopia,Addis Ababa 
Africa,Gabon,Libreville 
Africa,Gambia,Banjul 
Africa,Ghana,Accra 
Africa,Guinea,Conakry 
Africa,Guinea-Bissau,Bissau 
Africa,Ivory Coast,Yamoussoukro
Africa,Kenya,Nairobi 
Africa,Lesotho,Maseru 
Africa,Liberia,Monrovia 
Africa,Libya,Tripoli 
Africa,Madagascar,Antananarivo 
Africa,Malawi,Lilongwe 
Africa,Mali,Bamako 
Africa,Mauritania,Nouakchott 
Africa,Mauritius,Port Louis 
Africa,Mozambique,Maputo 
Africa,Namibia,Windhoek 
Africa,Niger,Niamey 
Africa,Nigeria,Abuja 
Africa,Qatar,Doha 
Africa,Republic of the Congo,Brazzaville 
Africa,Rwanda,Kigali 
Africa,São Tomé and Príncipe,Sao Tome
Africa,Senegal,Dakar 
Africa,Seychelles,Victoria 
Africa,Sierra Leone,Freetown 
Africa,Somalia,Mogadishu 
Africa,South Africa,Cape Town
Africa,South Sudan,Juba 
Africa,Sudan,Khartoum 
Africa,Swaziland,Mata-utu 
Africa,Tanzania,Dodoma
Africa,Togo,Lomé 
Africa,Tonga,Nuku?alofa 
Africa,Tunisia,Tunis 
Africa,Uganda,Kampala 
Africa,Western Sahara,El Aaiun
Africa,Zambia,Lusaka 
Africa,Zimbabwe,Harare 
Asia,Afghanistan,Kabul 
Asia,Bahrain,Manama 
Asia,Bangladesh,Dhaka 
Asia,Bhutan,Thimphu 
Asia,Brunei,Bandar Seri Begawan 
Asia,Cambodia,Phnom Penh 
Asia,Cameroon,Yaoundé 
Asia,China,Beijing 
Asia,Christmas Island (Australia),Flying Fish Cove 
Asia,Cocos (Keeling) Islands (Australia),"West Island, Cocos Islands "
Asia,East Timor (Timor-Leste),Dili 
Asia,Hong Kong (China),Hong Kong City
Asia,India,New Delhi 
Asia,Indonesia,Jakarta 
Asia,Iran,Tehran 
Asia,Iraq,Baghdad 
Asia,Israel,Jerusalem
Asia,Japan,Tokyo 
Asia,Jordan,Amman 
Asia,Kazakhstan,Astana 
Asia,Kiribati,Tarawa 
Asia,Kosovo,Pristina 
Asia,Kuwait,Kuwait City 
Asia,Kyrgyzstan,Bishkek 
Asia,Laos,Vientiane 
Asia,Lebanon,Beirut 
Asia,Malaysia,Kuala Lumpur 
Asia,Maldives,Malé 
Asia,Mongolia,Ulan Bator 
Asia,Myanmar,Naypyidaw 
Asia,Nepal,Kathmandu 
Asia,North Korea,Pyongyang 
Asia,Oman,Muscat 
Asia,Pakistan,Islamabad 
Asia,Palestine,Ramallah and Gaza
Asia,Philippines,Manila 
Asia,Saudi Arabia,Riyadh 
Asia,Singapore,Singapore 
Asia,South Korea,Seoul 
Asia,Sri Lanka,Sri Jayawardenapura-kotte
Asia,Syria,Damascus 
Asia,Taiwan,Taipei 
Asia,Tajikistan,Dushanbe 
Asia,Thailand,Bangkok 
Asia,Turkey,Ankara 
Asia,Turkmenistan,Ashgabat 
Asia,United Arab Emirates,Abu Dhabi 
Asia,Uzbekistan,Tashkent 
Asia,Vietnam,Hanoi 
Asia,Yemen,Sana'a 
Europe,Albania,Tirana 
Europe,Andorra,Andorra La Vella 
Europe,Armenia,Yerevan 
Europe,Austria,Vienna 
Europe,Azerbaijan,Baku 
Europe,Belarus,Minsk 
Europe,Belgium,Brussels 
Europe,Bosnia and Herzegovina,Sarajevo 
Europe,Bulgaria,Sofia 
Europe,Croatia,Zagreb 
Europe,Cyprus,Nicosia 
Europe,Czech Republic,Prague 
Europe,Denmark,Copenhagen 
Europe,Estonia,Tallinn 
Europe,Faroe Islands (Denmark),Tórshavn 
Europe,Finland,Helsinki 
Europe,France,Paris 
Europe,Georgia,Tbilisi 
Europe,Germany,Berlin 
Europe,Gibraltar (UK),Gibraltar 
Europe,Greece,Athens 
Europe,Guernsey (UK),Saint Peter Port
Europe,Hungary,Budapest 
Europe,Iceland,Reykjavík 
Europe,Ireland,Dublin 
Europe,Isle of Man (UK),Douglas 
Europe,Italy,Rome 
Europe,Jersey (UK),Saint Helier
Europe,Latvia,Riga 
Europe,Liechtenstein,Vaduz 
Europe,Lithuania,Vilnius 
Europe,Luxembourg,Luxembourg 
Europe,Macedonia,Skopje 
Europe,Malta,Valletta 
Europe,Moldova,Chisinau 
Europe,Monaco,Monaco 
Europe,Montenegro,Podgorica 
Europe,Morocco,Rabat 
Europe,Netherlands,Amsterdam 
Europe,Norway,Oslo 
Europe,Poland,Warsaw 
Europe,Portugal,Lisbon 
Europe,Romania,Bucharest 
Europe,Russia,Moscow 
Europe,San Marino,San Marino 
Europe,Serbia,Belgrade 
Europe,Slovakia,Bratislava 
Europe,Slovenia,Ljubljana 
Europe,Spain,Madrid 
Europe,Sweden,Stockholm 
Europe,Switzerland,Bern 
Europe,Transnistria,Tiraspol 
Europe,Ukraine,Kiev 
Europe,United Kingdom,London 
Europe,Vatican City,Vatican City 
North America,Anguilla (UK),The Valley 
North America,Antigua and Barbuda,Saint Johns
North America,Aruba (Netherlands),Oranjestad 
North America,Bahamas,Nassau 
North America,Barbados,Bridgetown 
North America,Belize,Belmopan 
North America,Bermuda (UK),Hamilton 
North America,British Virgin Islands (UK),Road Town 
North America,Canada,Ottawa 
North America,Cayman Islands (UK),George Town 
North America,Costa Rica,San José 
North America,Cuba,Havana 
North America,Curacao (Netherlands),Willemstad 
North America,Dominica,Roseau 
North America,Dominican Republic,Santo Domingo 
North America,El Salvador,San Salvador 
North America,Greenland (Denmark),Nuuk 
North America,Grenada,St. George's 
North America,Guam (USA),Hagatna 
North America,Guatemala,Guatemala City
North America,Haiti,Port-au-prince 
North America,Honduras,Tegucigalpa 
North America,Jamaica,Kingston 
North America,Mexico,Mexico City 
North America,Montserrat (UK),"Brades, Plymouth"
North America,Nicaragua,Managua 
North America,Panama,Panama City 
North America,Puerto Rico (USA),San Juan 
North America,Saint Kitts and Nevis,Basseterre 
North America,Saint Lucia,Castries 
North America,Saint Martin,Philipsburg
North America,Saint Pierre and Miquelon (France),Saint-Pierre
North America,Saint Vincent and the Grenadines,Kingstown 
North America,Sint Maarten (Netherlands),Philipsburg
North America,Trinidad and Tobago,Port Of Spain 
North America,Turks and Caicos Islands (UK),Cockburn Town 
North America,United States,Washington D.C. 
North America,United States Virgin Islands (USA),Charlotte Amalie 
North America,Saint Barthelemy,"Gustavia, Saint Barthélemy"
Oceania,American Samoa (USA),Pago Pago 
Oceania,Australia,Canberra 
Oceania,Cook Islands (New Zealand),Avarua 
Oceania,Fiji,Suva 
Oceania,French Polynesia (France),Papeete 
Oceania,Marshall Islands,Majuro 
Oceania,Micronesia,Palikir 
Oceania,Nauru,Yaren
Oceania,New Caledonia (France),Nouméa 
Oceania,New Zealand,Wellington 
Oceania,Niue (New Zealand),Alofi 
Oceania,Norfolk Island (Australia),Kingston 
Oceania,Northern Mariana Islands (USA),Saipan 
Oceania,Palau,Ngerulmud 
Oceania,Papua New Guinea,Port Moresby 
Oceania,Pitcairn Islands (UK),Adamstown 
Oceania,Samoa,Apia 
Oceania,Solomon Islands,Honiara 
Oceania,Tokelau (New Zealand),"Nukunonu, Atafu,Tokelau"
Oceania,Tuvalu,Funafuti 
Oceania,Vanuatu,Port Vila 
Oceania,Wallis and Futuna (France),Mata-Utu 
South America,Argentina,Buenos Aires 
South America,Bolivia,Sucre
South America,Brazil,Brasília 
South America,Chile,Santiago 
South America,Colombia,Bogotá 
South America,Ecuador,Quito 
South America,Falkland Islands (UK),Stanley 
South America,French Guiana (France),Cayenne 
South America,Guyana,Georgetown 
South America,Paraguay,Asunción 
South America,Peru,Lima 
South America,"Saint Helena, Ascension, and Tristan da Cunha (UK)",Jamestown
South America,Suriname,Paramaribo 
South America,Uruguay,Montevideo 
South America,Venezuela,Caracas 
